rsid,chr,pos,gene,effect_allele,other_allele,beta,se,pvalue,maf
rs1801133,1,11856378,MTHFR,T,C,0.15,0.03,2.5e-7,0.35
rs121913529,7,55259515,EGFR,G,T,-0.22,0.04,1.2e-8,0.12
rs28934576,17,7579472,TP53,C,G,0.31,0.05,5.8e-10,0.08
rs80357713,17,43093449,BRCA1,A,G,-0.18,0.06,3.1e-3,0.02
rs12516,1,11856378,MTHFR,A,G,0.08,0.02,1.5e-4,0.42
rs4986850,17,43093449,BRCA1,A,C,-0.12,0.04,4.2e-3,0.15
rs1042522,17,7579472,TP53,C,G,0.25,0.03,8.9e-16,0.28
rs2227983,7,55259515,EGFR,A,G,0.09,0.02,6.3e-5,0.38
rs6025,1,169549811,F5,A,G,0.45,0.08,1.1e-8,0.05
rs1800497,11,113400106,DRD2,A,G,-0.11,0.03,2.7e-4,0.22
